id,brand,model,year,km,fuel,price,city,views,views_at,first_seen,last_seen,seen_count,url
15871299,Audi,A3,,,,7 900 €,,,,2026-07-20T11:33:15,2026-07-20T14:58:20,2,https://www.nettiauto.com/audi/a3/15871299
15872260,Audi,A3,2021,59000,,22 900 €,,,,2026-07-20T13:01:58,2026-07-21T08:33:30,7,https://www.nettiauto.com/audi/a3/15872260
15659550,Audi,A4,,,,28 900 €,,,,2026-07-20T11:34:09,2026-07-20T14:57:01,2,https://www.nettiauto.com/audi/a4/15659550
15723148,Audi,A4,2008,235000,Sähkö,3 400 €,Auto-Suni,,,2026-07-20T19:44:26,2026-07-21T08:33:08,6,https://www.nettiauto.com/audi/a4/15723148
15772455,Audi,A4,2009,398000,,3 490 €,,,,2026-07-20T11:28:42,2026-07-21T08:31:38,8,https://www.nettiauto.com/audi/a4/15772455
15846658,Audi,A4,2006,240000,,11 490 €,,,,2026-07-20T11:28:52,2026-07-21T08:42:31,9,https://www.nettiauto.com/audi/a4/15846658
15528541,Audi,A5,,,,31 890 €,,,,2026-07-20T11:22:43,2026-07-20T15:00:08,3,https://www.nettiauto.com/audi/a5/15528541
15575032,Audi,A5,2016,176000,,17 880 €,,,,2026-07-20T15:06:53,2026-07-21T08:33:23,7,https://www.nettiauto.com/audi/a5/15575032
15660275,Audi,A5,2014,329000,Diesel,11 880 €,Pyhäntä,,,2026-07-20T11:30:27,2026-07-21T08:31:18,9,https://www.nettiauto.com/audi/a5/15660275
15718652,Audi,A5,2018,261000,,15 370 €,,,,2026-07-20T11:30:45,2026-07-21T08:32:32,9,https://www.nettiauto.com/audi/a5/15718652
15807175,Audi,A5,2019,182000,Diesel,18 890 €,Kempele,,,2026-07-20T11:28:23,2026-07-21T08:34:41,9,https://www.nettiauto.com/audi/a5/15807175
15558893,Audi,A6,2020,85000,Sähkö,26 600 €,Espoo,,,2026-07-20T15:00:02,2026-07-21T08:33:36,7,https://www.nettiauto.com/audi/a6/15558893
15642335,Audi,A6,,,,48 850 €,,,,2026-07-20T11:28:03,2026-07-20T15:00:08,3,https://www.nettiauto.com/audi/a6/15642335
15376267,Audi,A7,,,,44 890 €,,,,2026-07-20T11:29:05,2026-07-20T14:57:46,3,https://www.nettiauto.com/audi/a7/15376267
15552940,Audi,A7,2021,85000,,36 380 €,,,,2026-07-20T11:36:21,2026-07-21T08:30:45,8,https://www.nettiauto.com/audi/a7/15552940
15535577,Audi,Q5,2021,149000,,26 990 €,,,,2026-07-20T15:01:21,2026-07-21T08:32:58,6,https://www.nettiauto.com/audi/q5/15535577
15561351,Audi,Q5,2017,142000,Bensiini,23 900 €,Oy,,,2026-07-20T15:02:53,2026-07-21T08:30:48,7,https://www.nettiauto.com/audi/q5/15561351
15582932,Audi,Q5,2021,196000,Bensiini,23 490 €,Raisio,,,2026-07-20T15:02:15,2026-07-21T08:31:42,7,https://www.nettiauto.com/audi/q5/15582932
15560507,Audi,Q6-E-Tron,2024,17000,Diesel,65 900 €,Pielavesi,,,2026-07-20T15:00:25,2026-07-21T08:32:54,6,https://www.nettiauto.com/audi/q6-e-tron/15560507
15563763,Audi,Q6-E-Tron,2024,26000,,67 800 €,,,,2026-07-20T14:59:34,2026-07-21T08:33:49,7,https://www.nettiauto.com/audi/q6-e-tron/15563763
15858206,Audi,Q7,,,,12 500 €,,,,2026-07-20T11:28:06,2026-07-20T15:06:27,3,https://www.nettiauto.com/audi/q7/15858206
15729155,Audi,Q8-E-Tron,2024,83000,Diesel,44 990 €,Hyvinkää,,,2026-07-20T11:34:02,2026-07-21T08:34:29,8,https://www.nettiauto.com/audi/q8-e-tron/15729155
15657384,Audi,S7,2015,149000,,55 990 €,,,,2026-07-20T11:28:10,2026-07-21T08:38:15,9,https://www.nettiauto.com/audi/s7/15657384
15659622,Audi,Sq5,2016,226000,Diesel,22 800 €,Kangasala,,,2026-07-20T17:06:46,2026-07-21T08:33:52,6,https://www.nettiauto.com/audi/sq5/15659622
15536700,Bmw,218,2016,150000,Bensiini,13 890 €,Varpaisjärvi,,,2026-07-20T15:01:49,2026-07-21T08:30:51,7,https://www.nettiauto.com/bmw/218/15536700
15873295,Bmw,225,2017,128000,Diesel,9 970 €,Mikkeli,,,2026-07-20T22:32:07,2026-07-21T08:33:16,4,https://www.nettiauto.com/bmw/225/15873295
15769532,Bmw,320-Gran-Turismo,2014,324000,Bensiini,8 200 €,Turku,,,2026-07-20T11:32:51,2026-07-21T08:32:54,8,https://www.nettiauto.com/bmw/320-gran-turismo/15769532
15867382,Bmw,330,2004,395000,Diesel,9 250 €,Lahti,,,2026-07-20T11:32:23,2026-07-21T08:42:51,8,https://www.nettiauto.com/bmw/330/15867382
15722289,Bmw,520,,,,11 790 €,,,,2026-07-20T11:29:18,2026-07-20T18:52:18,4,https://www.nettiauto.com/bmw/520/15722289
15871615,Bmw,525,2005,345000,Diesel,5 250 €,Vantaa,,,2026-07-21T00:27:24,2026-07-21T08:49:14,5,https://www.nettiauto.com/bmw/525/15871615
15491837,Bmw,530,2022,96000,,27 800 €,,,,2026-07-20T11:32:14,2026-07-21T08:33:42,8,https://www.nettiauto.com/bmw/530/15491837
15862388,Bmw,530,2014,225000,Bensiini,15 250 €,Turku,,,2026-07-20T11:28:03,2026-07-21T08:33:05,8,https://www.nettiauto.com/bmw/530/15862388
15565303,Bmw,535,2015,265000,,16 990 €,,,,2026-07-20T11:28:13,2026-07-21T08:33:39,9,https://www.nettiauto.com/bmw/535/15565303
15784197,Bmw,535,2014,362000,Bensiini,14 000 €,Kotka,,,2026-07-20T11:29:36,2026-07-21T08:35:36,8,https://www.nettiauto.com/bmw/535/15784197
15860271,Bmw,I5-M60,2025,47000,Bensiini,72 980 €,Seinäjoki,,,2026-07-20T11:28:36,2026-07-21T08:40:50,9,https://www.nettiauto.com/bmw/i5-m60/15860271
15869337,Bmw,M135i,2013,230000,,21 470 €,,,,2026-07-20T11:28:06,2026-07-21T08:35:10,9,https://www.nettiauto.com/bmw/m135i/15869337
15869477,Bmw,M5,2000,272000,Bensiini,33 900 €,Vantaa,,,2026-07-21T09:35:42,2026-07-21T09:35:42,1,https://www.nettiauto.com/bmw/m5/15869477
15566166,Bmw,X1,2017,179000,,18 890 €,,,,2026-07-20T14:59:08,2026-07-21T08:31:52,7,https://www.nettiauto.com/bmw/x1/15566166
15582251,Bmw,X1,2022,58000,Sähkö,27 790 €,Oy,,,2026-07-20T14:59:11,2026-07-21T08:43:50,6,https://www.nettiauto.com/bmw/x1/15582251
15532258,Bmw,X5,2018,190000,,18 890 €,,,,2026-07-20T14:59:31,2026-07-21T08:30:42,7,https://www.nettiauto.com/bmw/x5/15532258
15871262,Bmw,X5,,,,9 500 €,,,,2026-07-20T11:28:38,2026-07-20T14:58:50,3,https://www.nettiauto.com/bmw/x5/15871262
15860191,Bmw,Z4,2006,110000,Sähkö,17 900 €,Tampere,,,2026-07-20T11:32:39,2026-07-21T08:31:08,8,https://www.nettiauto.com/bmw/z4/15860191
15631432,Byd,Dolphin,2024,19000,,25 490 €,,,,2026-07-20T11:22:43,2026-07-21T08:30:45,10,https://www.nettiauto.com/byd/dolphin/15631432
15868872,Chevrolet,Camaro,2013,134000,,26 900 €,,,,2026-07-20T11:28:06,2026-07-21T08:30:42,8,https://www.nettiauto.com/chevrolet/camaro/15868872
15730898,Chevrolet,Corvette,2023,8000,Diesel,169 900 €,Vantaa,,,2026-07-20T11:33:11,2026-07-21T08:52:15,8,https://www.nettiauto.com/chevrolet/corvette/15730898
15815995,Chevrolet,Corvette,1991,95000,Hybridi (bensiini/sähkö),18 900 €,Tuusula,,,2026-07-20T11:29:24,2026-07-21T08:30:51,9,https://www.nettiauto.com/chevrolet/corvette/15815995
15854780,Chevrolet,Corvette,1999,85000,,34 880 €,,,,2026-07-20T11:30:16,2026-07-21T08:37:21,9,https://www.nettiauto.com/chevrolet/corvette/15854780
15716291,Chevrolet,Fleetside,2009,177000,Bensiini,19 900 €,Vantaa,,,2026-07-20T20:00:36,2026-07-21T08:32:18,5,https://www.nettiauto.com/chevrolet/fleetside/15716291
15566040,Chevrolet,Trax,2013,205000,,5 900 €,,,,2026-07-20T15:01:28,2026-07-21T08:46:53,7,https://www.nettiauto.com/chevrolet/trax/15566040
15856508,Chrysler,Sebring,2003,70000,Bensiini,5 800 €,Nakkila,,,2026-07-20T11:29:46,2026-07-21T08:33:39,9,https://www.nettiauto.com/chrysler/sebring/15856508
15721947,Citroen,C3-Picasso,,,,2 190 €,,,,2026-07-20T11:36:21,2026-07-20T18:47:15,3,https://www.nettiauto.com/citroen/c3-picasso/15721947
15781468,Citroen,C5,,,,1 400 €,,,,2026-07-20T11:34:40,2026-07-20T15:04:23,2,https://www.nettiauto.com/citroen/c5/15781468
15584861,Citroen,Grand-C4-Picasso,2014,243000,,5 990 €,,,,2026-07-20T11:27:59,2026-07-21T08:30:58,9,https://www.nettiauto.com/citroen/grand-c4-picasso/15584861
15832653,Dfsk,E5,2026,1000,Diesel,37 900 €,Seinäjoki,,,2026-07-20T11:32:32,2026-07-21T08:33:20,7,https://www.nettiauto.com/dfsk/e5/15832653
15845172,Dfsk,E5,2026,330000,Diesel,39 800 €,Joensuu,,,2026-07-20T11:29:05,2026-07-21T08:31:08,8,https://www.nettiauto.com/dfsk/e5/15845172
15862061,Dfsk,E5,2026,143800,Sähkö,35 800 €,Helsinki,,,2026-07-20T11:28:55,2026-07-21T08:41:33,9,https://www.nettiauto.com/dfsk/e5/15862061
15846468,Dodge,Dart,1974,175000,,13 500 €,,,,2026-07-20T11:31:25,2026-07-21T08:32:35,8,https://www.nettiauto.com/dodge/dart/15846468
15861290,Ds,4,2025,15000,,31 900 €,,,,2026-07-20T11:33:45,2026-07-21T08:33:36,7,https://www.nettiauto.com/ds/4/15861290
15746914,Fiat,500c,2012,124000,Bensiini,6 900 €,Hyvinkää,,,2026-07-20T11:29:51,2026-07-21T08:36:39,9,https://www.nettiauto.com/fiat/500c/15746914
15838782,Fiat,500c,2014,76000,,7 890 €,,,,2026-07-20T11:30:13,2026-07-21T08:35:33,9,https://www.nettiauto.com/fiat/500c/15838782
15671919,Fiat,Ducato,2017,123000,Bensiini,69 800 €,Autoliike,,,2026-07-20T11:30:45,2026-07-21T08:42:12,9,https://www.nettiauto.com/fiat/ducato/15671919
15834175,Fiat,Ducato,2009,412000,Bensiini,3 750 €,Oulu,,,2026-07-20T11:28:29,2026-07-21T08:33:49,9,https://www.nettiauto.com/fiat/ducato/15834175
15747483,Fiat-Abarth,500,2017,94000,,21 800 €,,,,2026-07-20T11:42:12,2026-07-21T08:35:24,8,https://www.nettiauto.com/fiat-abarth/500/15747483
15807437,Ford,Capri,2025,5000,,41 470 €,,,,2026-07-20T11:27:56,2026-07-21T08:31:55,8,https://www.nettiauto.com/ford/capri/15807437
15870585,Ford,Econovan,1987,161000,Bensiini,8 900 €,Lahti,,,2026-07-20T15:51:01,2026-07-21T08:33:23,6,https://www.nettiauto.com/ford/econovan/15870585
15540212,Ford,Fiesta,2008,385000,Hybridi (bensiini/sähkö),2 900 €,Oulu,,,2026-07-20T14:59:51,2026-07-21T08:40:26,6,https://www.nettiauto.com/ford/fiesta/15540212
15540213,Ford,Fiesta,2008,385000,Bensiini,2 900 €,Kempele,,,2026-07-20T15:08:34,2026-07-21T08:34:32,6,https://www.nettiauto.com/ford/fiesta/15540213
15852353,Ford,Fiesta,2011,299000,Hybridi (bensiini/sähkö),1 990 €,Helsinki,,,2026-07-20T11:30:13,2026-07-21T08:31:35,9,https://www.nettiauto.com/ford/fiesta/15852353
15871283,Ford,Fiesta,,,,3 900 €,,,,2026-07-20T11:29:51,2026-07-20T14:59:58,3,https://www.nettiauto.com/ford/fiesta/15871283
15529765,Ford,Focus,,,,9 900 €,,,,2026-07-20T15:04:07,2026-07-20T15:04:07,1,https://www.nettiauto.com/ford/focus/15529765
15563467,Ford,Focus,2020,25000,Bensiini,16 990 €,Kouvola,,,2026-07-20T15:15:18,2026-07-21T08:59:22,7,https://www.nettiauto.com/ford/focus/15563467
15819856,Ford,Mondeo,2010,207000,Diesel,3 200 €,Helsinki,,,2026-07-20T22:40:03,2026-07-21T08:38:06,5,https://www.nettiauto.com/ford/mondeo/15819856
15707357,Ford,Transit,2012,325000,Diesel,4 000 €,Vantaa,,,2026-07-20T11:29:18,2026-07-21T08:31:31,8,https://www.nettiauto.com/ford/transit/15707357
15871266,Ford,Transit-Courier,,,,5 500 €,,,,2026-07-20T11:29:54,2026-07-20T15:06:09,3,https://www.nettiauto.com/ford/transit-courier/15871266
15624572,Ford,Transit-Custom,2018,185000,Bensiini,19 880 €,Oy,,,2026-07-20T11:29:27,2026-07-21T08:31:15,9,https://www.nettiauto.com/ford/transit-custom/15624572
15871225,Honda,Cr-V,2008,329000,Bensiini,8 750 €,Varkaus,,,2026-07-20T11:22:39,2026-07-21T08:30:55,9,https://www.nettiauto.com/honda/cr-v/15871225
15538745,Honda,Hr-V,2018,141000,Diesel,16 290 €,Lahti,,,2026-07-20T15:10:59,2026-07-21T08:31:04,7,https://www.nettiauto.com/honda/hr-v/15538745
15584432,Honda,Hr-V,2016,182000,Diesel,13 480 €,Autoliike,,,2026-07-20T15:02:45,2026-07-21T08:36:25,7,https://www.nettiauto.com/honda/hr-v/15584432
15281703,Hyundai,I20n,,,,24 000 €,,,,2026-07-20T11:31:15,2026-07-20T11:34:32,2,https://www.nettiauto.com/hyundai/i20n/15281703
15777408,Hyundai,I30,,,,3 150 €,,,,2026-07-20T11:22:43,2026-07-20T11:36:09,3,https://www.nettiauto.com/hyundai/i30/15777408
15743172,Hyundai,Inster,2026,,,31 900 €,,,,2026-07-20T11:30:45,2026-07-21T08:32:51,9,https://www.nettiauto.com/hyundai/inster/15743172
15869893,Hyundai,Ioniq-5,2024,40000,,52 770 €,,,,2026-07-20T11:27:59,2026-07-21T08:41:33,9,https://www.nettiauto.com/hyundai/ioniq-5/15869893
15775188,Hyundai,Ioniq-6,,,,52 890 €,,,,2026-07-20T11:33:07,2026-07-20T11:33:07,1,https://www.nettiauto.com/hyundai/ioniq-6/15775188
15835316,Hyundai,Ioniq-9,2026,215000,Hybridi (bensiini/sähkö),83 890 €,Helsinki,,,2026-07-20T11:28:52,2026-07-21T08:33:16,9,https://www.nettiauto.com/hyundai/ioniq-9/15835316
15630976,Hyundai,Kona-Electric,2024,56000,,30 750 €,,,,2026-07-20T11:22:43,2026-07-21T08:34:37,9,https://www.nettiauto.com/hyundai/kona-electric/15630976
15854325,Jaguar,X-Type,,,,3 500 €,,,,2026-07-20T11:43:02,2026-07-20T14:57:42,2,https://www.nettiauto.com/jaguar/x-type/15854325
15852279,Kia,Ceed,2013,249000,,4 990 €,,,,2026-07-20T11:29:15,2026-07-21T08:32:18,9,https://www.nettiauto.com/kia/ceed/15852279
15816661,Kia,Cerato,2006,203000,Sähkö,1 100 €,Autoliike,,,2026-07-20T17:40:27,2026-07-21T08:34:32,7,https://www.nettiauto.com/kia/cerato/15816661
15872979,Kia,Ev6,2022,38000,Hybridi (bensiini/sähkö),29 870 €,Turku,,,2026-07-20T22:23:50,2026-07-21T08:35:30,5,https://www.nettiauto.com/kia/ev6/15872979
15866635,Kia,Niro,2023,134000,,22 770 €,,,,2026-07-20T11:29:46,2026-07-21T08:31:12,9,https://www.nettiauto.com/kia/niro/15866635
15873125,Kia,Rio,2014,161000,Bensiini,5 970 €,Laukaa,,,2026-07-20T17:26:31,2026-07-21T08:35:27,6,https://www.nettiauto.com/kia/rio/15873125
15579016,Kia,Sorento,2023,56000,Bensiini,40 990 €,Kokkola,,,2026-07-20T15:01:54,2026-07-21T08:31:29,7,https://www.nettiauto.com/kia/sorento/15579016
15774071,Kia,Sportage,2012,135000,Bensiini,13 880 €,Espoo,,,2026-07-20T11:39:12,2026-07-21T08:32:35,7,https://www.nettiauto.com/kia/sportage/15774071
15820799,Lada,2107,1996,135000,,9 900 €,,,,2026-07-20T11:28:23,2026-07-21T08:32:09,9,https://www.nettiauto.com/lada/2107/15820799
15776159,Land-Rover,Range-Rover-Evoque,2016,162000,Bensiini,16 490 €,Tampere,,,2026-07-20T11:31:04,2026-07-21T08:34:56,9,https://www.nettiauto.com/land-rover/range-rover-evoque/15776159
15501283,Land-Rover,Range-Rover-Sport,2018,86000,Diesel,36 800 €,Vaasa,,,2026-07-20T11:35:37,2026-07-21T08:37:39,7,https://www.nettiauto.com/land-rover/range-rover-sport/15501283
15853743,Lincoln,Continental,1977,118000,,15 600 €,,,,2026-07-20T11:35:27,2026-07-21T08:33:01,8,https://www.nettiauto.com/lincoln/continental/15853743
14604159,Man,Tge,2019,160000,Bensiini,20 900 €,Pori,,,2026-07-20T11:27:59,2026-07-21T08:34:14,8,https://www.nettiauto.com/man/tge/14604159
15832841,Mazda,2-Hybrid,2022,47000,Bensiini,18 880 €,Rovaniemi,,,2026-07-20T11:28:49,2026-07-21T08:30:48,9,https://www.nettiauto.com/mazda/2-hybrid/15832841
15872821,Mazda,Cx-30,2023,97000,Bensiini,21 770 €,Raahe,,,2026-07-20T22:29:01,2026-07-21T08:36:42,4,https://www.nettiauto.com/mazda/cx-30/15872821
15865608,Mercedes-Benz,A,2021,67000,Bensiini,19 770 €,Oulu,,,2026-07-20T11:29:02,2026-07-21T08:34:01,9,https://www.nettiauto.com/mercedes-benz/a/15865608
15830768,Mercedes-Benz,B,2006,239000,Bensiini,3 250 €,Joutseno,,,2026-07-20T11:45:07,2026-07-21T08:34:18,8,https://www.nettiauto.com/mercedes-benz/b/15830768
15543232,Mercedes-Benz,C,2023,201000,,24 990 €,,,,2026-07-20T15:00:51,2026-07-21T08:33:12,7,https://www.nettiauto.com/mercedes-benz/c/15543232
15556457,Mercedes-Benz,C,2019,200000,Diesel,25 900 €,Orimattila,,,2026-07-20T15:06:33,2026-07-21T08:46:14,6,https://www.nettiauto.com/mercedes-benz/c/15556457
15833418,Mercedes-Benz,C,2015,320000,,10 200 €,,,,2026-07-21T08:31:35,2026-07-21T08:31:35,1,https://www.nettiauto.com/mercedes-benz/c/15833418
15817688,Mercedes-Benz,C-43-Amg,2020,60000,,70 000 €,,,,2026-07-20T11:30:53,2026-07-21T08:30:51,8,https://www.nettiauto.com/mercedes-benz/c-43-amg/15817688
15330924,Mercedes-Benz,Ce,1989,1000,Bensiini,24 900 €,Turku,,,2026-07-20T11:29:24,2026-07-21T08:33:36,9,https://www.nettiauto.com/mercedes-benz/ce/15330924
15732418,Mercedes-Benz,Cla,2025,8000,Sähkö,63 700 €,Alahärmä,,,2026-07-20T11:34:20,2026-07-21T08:36:25,7,https://www.nettiauto.com/mercedes-benz/cla/15732418
15812988,Mercedes-Benz,Cla,,,,31 500 €,,,,2026-07-20T11:28:10,2026-07-20T18:48:53,4,https://www.nettiauto.com/mercedes-benz/cla/15812988
15837695,Mercedes-Benz,Cla,2014,262000,,10 000 €,,,,2026-07-20T18:45:42,2026-07-21T08:33:12,6,https://www.nettiauto.com/mercedes-benz/cla/15837695
15787002,Mercedes-Benz,Clk,2008,296000,Diesel,11 200 €,Sastamala,,,2026-07-20T12:46:00,2026-07-21T08:35:13,8,https://www.nettiauto.com/mercedes-benz/clk/15787002
15856257,Mercedes-Benz,Clk,2003,140000,Bensiini,11 580 €,Laukaa,,,2026-07-20T11:30:27,2026-07-21T08:31:01,9,https://www.nettiauto.com/mercedes-benz/clk/15856257
15786386,Mercedes-Benz,Cls-63-Amg,2006,112000,,29 900 €,,,,2026-07-20T11:37:56,2026-07-21T08:34:18,8,https://www.nettiauto.com/mercedes-benz/cls-63-amg/15786386
15503564,Mercedes-Benz,E,2022,31000,Diesel,34 790 €,Espoo,,,2026-07-20T11:28:23,2026-07-21T08:34:14,9,https://www.nettiauto.com/mercedes-benz/e/15503564
15540039,Mercedes-Benz,E,2021,94000,,31 880 €,,,,2026-07-20T15:00:51,2026-07-21T08:34:01,7,https://www.nettiauto.com/mercedes-benz/e/15540039
15718379,Mercedes-Benz,E,2010,187000,Hybridi (bensiini/sähkö),18 290 €,Porvoo,,,2026-07-20T11:36:40,2026-07-21T08:45:13,8,https://www.nettiauto.com/mercedes-benz/e/15718379
15846867,Mercedes-Benz,E,2009,698000,,,,,,2026-07-21T07:39:13,2026-07-21T08:32:32,2,https://www.nettiauto.com/mercedes-benz/e/15846867
15864271,Mercedes-Benz,E,2015,258000,,14 950 €,,,,2026-07-20T11:29:54,2026-07-21T08:31:22,9,https://www.nettiauto.com/mercedes-benz/e/15864271
15872438,Mercedes-Benz,E,2010,529000,Bensiini,5 690 €,Hämeenkoski,,,2026-07-20T13:58:34,2026-07-21T08:34:53,8,https://www.nettiauto.com/mercedes-benz/e/15872438
15733506,Mercedes-Benz,Eqe,2025,33000,Sähkö,47 800 €,Kuopio,,,2026-07-20T11:30:41,2026-07-21T08:31:25,8,https://www.nettiauto.com/mercedes-benz/eqe/15733506
15865976,Mercedes-Benz,Eqe,2024,39000,Diesel,59 990 €,Kuopio,,,2026-07-20T11:29:33,2026-07-21T08:32:02,9,https://www.nettiauto.com/mercedes-benz/eqe/15865976
15540415,Mercedes-Benz,Eqe-Suv,2023,49000,,64 500 €,,,,2026-07-20T15:03:45,2026-07-21T08:31:12,7,https://www.nettiauto.com/mercedes-benz/eqe-suv/15540415
15775030,Mercedes-Benz,Eqe-Suv,,,,60 890 €,,,,2026-07-20T11:22:43,2026-07-20T22:22:43,6,https://www.nettiauto.com/mercedes-benz/eqe-suv/15775030
15841359,Mercedes-Benz,Eqs,2022,55000,Bensiini,53 900 €,Taivalkoski,,,2026-07-20T11:22:39,2026-07-21T08:37:44,10,https://www.nettiauto.com/mercedes-benz/eqs/15841359
15860297,Mercedes-Benz,Eqs,2022,42000,Diesel,79 970 €,Seinäjoki,,,2026-07-20T11:28:55,2026-07-21T08:31:55,9,https://www.nettiauto.com/mercedes-benz/eqs/15860297
15581149,Mercedes-Benz,Glc,2016,148000,Diesel,26 800 €,Autoliike,,,2026-07-20T11:28:10,2026-07-21T08:34:01,9,https://www.nettiauto.com/mercedes-benz/glc/15581149
15837108,Mercedes-Benz,Glc,2018,217000,,24 700 €,,,,2026-07-20T11:33:59,2026-07-21T08:31:01,8,https://www.nettiauto.com/mercedes-benz/glc/15837108
15689791,Mercedes-Benz,Gle,,,,62 990 €,,,,2026-07-20T11:31:29,2026-07-20T14:57:22,3,https://www.nettiauto.com/mercedes-benz/gle/15689791
15861504,Mercedes-Benz,Gle-53-Amg,2025,27000,Bensiini,129 890 €,Riihimäki,,,2026-07-20T11:29:42,2026-07-21T08:32:09,9,https://www.nettiauto.com/mercedes-benz/gle-53-amg/15861504
15631772,Mercedes-Benz,Glk,,,,16 790 €,,,,2026-07-20T11:29:49,2026-07-20T11:33:18,2,https://www.nettiauto.com/mercedes-benz/glk/15631772
15564778,Mercedes-Benz,Ml,2012,230000,,23 990 €,,,,2026-07-20T15:02:35,2026-07-21T08:30:48,7,https://www.nettiauto.com/mercedes-benz/ml/15564778
15802524,Mercedes-Benz,Ml,2006,253000,Bensiini,11 500 €,Helsinki,,,2026-07-20T11:29:21,2026-07-21T08:31:49,9,https://www.nettiauto.com/mercedes-benz/ml/15802524
15816184,Mercedes-Benz,Ml,2007,342000,Sähkö,5 300 €,Lempäälä,,,2026-07-20T11:28:13,2026-07-21T08:31:04,8,https://www.nettiauto.com/mercedes-benz/ml/15816184
15656109,Mercedes-Benz,S,,,,47 800 €,,,,2026-07-20T11:22:43,2026-07-20T14:56:50,4,https://www.nettiauto.com/mercedes-benz/s/15656109
15752506,Mercedes-Benz,Slc,2017,91000,Diesel,33 900 €,Vantaa,,,2026-07-20T11:32:18,2026-07-21T08:35:44,7,https://www.nettiauto.com/mercedes-benz/slc/15752506
15691383,Mercedes-Benz,Slk,2012,147000,,18 900 €,,,,2026-07-20T11:31:31,2026-07-21T08:34:53,9,https://www.nettiauto.com/mercedes-benz/slk/15691383
15730471,Mercedes-Benz,Slk,2004,134000,,12 490 €,,,,2026-07-20T11:28:45,2026-07-21T08:33:57,9,https://www.nettiauto.com/mercedes-benz/slk/15730471
15755466,Mercedes-Benz,Slk,2004,235000,,12 400 €,,,,2026-07-20T11:33:11,2026-07-21T08:33:08,7,https://www.nettiauto.com/mercedes-benz/slk/15755466
15763776,Mercedes-Benz,Slk,2012,127000,,22 900 €,,,,2026-07-20T11:40:09,2026-07-21T08:31:49,7,https://www.nettiauto.com/mercedes-benz/slk/15763776
15763791,Mercedes-Benz,Slk,2006,101000,Diesel,17 800 €,Töysä,,,2026-07-20T11:29:39,2026-07-21T08:34:53,9,https://www.nettiauto.com/mercedes-benz/slk/15763791
15795265,Mercedes-Benz,Slk,2011,277000,Bensiini,14 980 €,Kälviä,,,2026-07-20T11:28:23,2026-07-21T08:38:30,8,https://www.nettiauto.com/mercedes-benz/slk/15795265
15815472,Mercedes-Benz,Slk,2014,121000,Diesel,26 800 €,Lahti,,,2026-07-20T11:29:02,2026-07-21T08:33:46,9,https://www.nettiauto.com/mercedes-benz/slk/15815472
15848916,Mercedes-Benz,Slk,2006,124000,Diesel,15 890 €,Pirkkala,,,2026-07-20T11:22:39,2026-07-21T08:33:16,10,https://www.nettiauto.com/mercedes-benz/slk/15848916
15461319,Mercedes-Benz,Sprinter,2012,239000,Bensiini,34 900 €,Tampere,,,2026-07-20T11:35:12,2026-07-21T08:45:25,7,https://www.nettiauto.com/mercedes-benz/sprinter/15461319
15554853,Mercedes-Benz,Sprinter,2015,283000,Bensiini,15 990 €,Kuopio,,,2026-07-20T11:30:57,2026-07-21T08:35:06,9,https://www.nettiauto.com/mercedes-benz/sprinter/15554853
15721332,Mercedes-Benz,Sprinter,2026,5,,94 900 €,,,,2026-07-20T11:28:59,2026-07-21T08:31:25,9,https://www.nettiauto.com/mercedes-benz/sprinter/15721332
15740651,Mercedes-Benz,Sprinter,2026,5,Bensiini,69 900 €,Kangasala,,,2026-07-20T11:33:22,2026-07-21T08:31:04,8,https://www.nettiauto.com/mercedes-benz/sprinter/15740651
15740699,Mercedes-Benz,Sprinter,2026,5,Diesel,59 900 €,Ylöjärvi,,,2026-07-20T11:32:10,2026-07-21T08:31:22,8,https://www.nettiauto.com/mercedes-benz/sprinter/15740699
15758860,Mercedes-Benz,Sprinter,2023,51000,,51 300 €,,,,2026-07-20T11:29:33,2026-07-21T08:38:15,9,https://www.nettiauto.com/mercedes-benz/sprinter/15758860
15759313,Mercedes-Benz,Sprinter,2022,139000,,44 790 €,,,,2026-07-20T11:28:13,2026-07-21T08:32:39,9,https://www.nettiauto.com/mercedes-benz/sprinter/15759313
15822627,Mercedes-Benz,Sprinter,2026,5,Diesel,69 900 €,Tuusula,,,2026-07-20T11:29:15,2026-07-21T08:30:55,8,https://www.nettiauto.com/mercedes-benz/sprinter/15822627
15822653,Mercedes-Benz,Sprinter,2026,5,Diesel,94 900 €,Porvoo,,,2026-07-20T11:27:56,2026-07-21T08:36:01,9,https://www.nettiauto.com/mercedes-benz/sprinter/15822653
15860173,Mercedes-Benz,Viano,2011,371000,,14 770 €,,,,2026-07-20T11:30:04,2026-07-21T08:33:30,8,https://www.nettiauto.com/mercedes-benz/viano/15860173
15619343,Mercedes-Benz,Vito,2023,60000,Bensiini,41 890 €,Pihtipudas,,,2026-07-20T11:38:00,2026-07-21T08:31:22,8,https://www.nettiauto.com/mercedes-benz/vito/15619343
15641585,Mercedes-Benz,Vito,2023,64000,Hybridi (bensiini/sähkö),42 880 €,Lohja,,,2026-07-20T11:29:27,2026-07-21T08:32:12,9,https://www.nettiauto.com/mercedes-benz/vito/15641585
15687282,Mercedes-Benz,Vito,2023,77000,Hybridi (bensiini/sähkö),61 880 €,Sastamala,,,2026-07-20T11:28:59,2026-07-21T08:32:02,8,https://www.nettiauto.com/mercedes-benz/vito/15687282
15806283,Mercedes-Benz,Vito,2017,282000,,19 900 €,,,,2026-07-20T11:33:07,2026-07-21T08:35:17,8,https://www.nettiauto.com/mercedes-benz/vito/15806283
15794463,Mercury,Cougar,1974,82000,Hybridi (bensiini/sähkö),6 900 €,Turku,,,2026-07-20T11:38:26,2026-07-21T08:32:09,8,https://www.nettiauto.com/mercury/cougar/15794463
15674626,Mercury,Monterey,1959,87000,Diesel,18 500 €,Pori,,,2026-07-20T11:29:49,2026-07-21T08:35:47,9,https://www.nettiauto.com/mercury/monterey/15674626
15803446,Mg,Mg4,2026,23000,Hybridi (bensiini/sähkö),25 500 €,Raisio,,,2026-07-20T11:28:29,2026-07-21T08:33:12,9,https://www.nettiauto.com/mg/mg4/15803446
15803447,Mg,Mg4,2026,,,25 500 €,,,,2026-07-20T11:28:03,2026-07-21T08:32:05,9,https://www.nettiauto.com/mg/mg4/15803447
15803548,Mg,Mg4,2026,,,25 500 €,,,,2026-07-20T11:34:16,2026-07-21T08:34:29,8,https://www.nettiauto.com/mg/mg4/15803548
15803584,Mg,Mg4,2026,,,25 500 €,,,,2026-07-20T11:35:41,2026-07-21T08:31:18,8,https://www.nettiauto.com/mg/mg4/15803584
15636685,Mg,Mgb,1965,48000,,10 800 €,,,,2026-07-20T11:29:57,2026-07-21T08:36:05,9,https://www.nettiauto.com/mg/mgb/15636685
15777397,Mini,Cooper,2015,145000,Diesel,11 790 €,Kauhajoki,,,2026-07-20T11:32:28,2026-07-21T08:30:42,8,https://www.nettiauto.com/mini/cooper/15777397
15861560,Mini,Hatchback,2020,82000,Bensiini,18 900 €,Nurmijärvi,,,2026-07-20T11:28:38,2026-07-21T08:32:02,8,https://www.nettiauto.com/mini/hatchback/15861560
15563113,Mitsubishi,Lancer,2001,172000,Bensiini,24 990 €,Iisalmi,,,2026-07-20T11:32:28,2026-07-21T08:31:31,8,https://www.nettiauto.com/mitsubishi/lancer/15563113
15561046,Mitsubishi,Outlander,2013,287000,Hybridi (bensiini/sähkö),6 990 €,Tampere,,,2026-07-20T15:02:11,2026-07-21T08:32:05,6,https://www.nettiauto.com/mitsubishi/outlander/15561046
15561047,Mitsubishi,Outlander,2013,287000,Diesel,6 990 €,Tampere,,,2026-07-20T15:06:50,2026-07-21T08:36:12,7,https://www.nettiauto.com/mitsubishi/outlander/15561047
15867615,Mitsubishi,Outlander-Phev,2015,201000,Bensiini,6 800 €,Kangasala,,,2026-07-20T11:32:14,2026-07-21T08:31:58,8,https://www.nettiauto.com/mitsubishi/outlander-phev/15867615
14918302,Mitsubishi-Fuso,Canter,2014,119000,Bensiini,52 900 €,Espoo,,,2026-07-20T11:30:24,2026-07-21T08:35:47,9,https://www.nettiauto.com/mitsubishi-fuso/canter/14918302
15600015,Mitsubishi-Fuso,Canter,2008,265000,,27 700 €,,,,2026-07-20T11:29:11,2026-07-21T08:43:15,8,https://www.nettiauto.com/mitsubishi-fuso/canter/15600015
15860202,Morris,Mini,2018,156000,Hybridi (bensiini/sähkö),14 900 €,Autoliike,,,2026-07-20T21:18:29,2026-07-21T08:31:42,6,https://www.nettiauto.com/morris/mini/15860202
15632572,Nissan,Juke,2011,91000,,7 950 €,,,,2026-07-21T10:21:21,2026-07-21T10:21:21,1,https://www.nettiauto.com/nissan/juke/15632572
15802105,Nissan,Micra,2018,119000,,8 990 €,,,,2026-07-20T12:10:53,2026-07-21T08:36:32,8,https://www.nettiauto.com/nissan/micra/15802105
15858832,Nissan,Nv200,2016,95000,Bensiini,8 000 €,Oulu,,,2026-07-20T11:31:04,2026-07-21T08:31:49,9,https://www.nettiauto.com/nissan/nv200/15858832
15862207,Opel,Astra,2005,242000,Bensiini,2 450 €,Seinäjoki,,,2026-07-20T11:28:42,2026-07-21T08:32:05,9,https://www.nettiauto.com/opel/astra/15862207
15870486,Opel,Insignia,2012,343000,Bensiini,5 950 €,Espoo,,,2026-07-20T11:37:09,2026-07-21T08:33:20,8,https://www.nettiauto.com/opel/insignia/15870486
15744964,Opel,Mokka,2016,109000,,9 990 €,,,,2026-07-20T12:04:13,2026-07-21T08:34:37,8,https://www.nettiauto.com/opel/mokka/15744964
15867695,Opel,Vivaro,2011,259000,,7 300 €,,,,2026-07-21T10:19:29,2026-07-21T10:19:29,1,https://www.nettiauto.com/opel/vivaro/15867695
15513774,Peugeot,2008,2019,133000,Diesel,6 890 €,Nousiainen,,,2026-07-20T11:28:03,2026-07-21T08:33:33,9,https://www.nettiauto.com/peugeot/2008/15513774
15872848,Polestar,2,2024,30000,,41 470 €,,,,2026-07-20T22:29:17,2026-07-21T08:32:43,5,https://www.nettiauto.com/polestar/2/15872848
15864121,Polestar,4,2025,46000,Bensiini,53 770 €,Inkoo,,,2026-07-20T11:31:12,2026-07-21T08:31:29,9,https://www.nettiauto.com/polestar/4/15864121
15861119,Porsche,Boxster,2003,129000,Bensiini,24 700 €,Jyväskylä,,,2026-07-20T11:35:34,2026-07-21T08:38:18,8,https://www.nettiauto.com/porsche/boxster/15861119
15861265,Porsche,Macan,2025,12000,,109 800 €,,,,2026-07-20T11:28:29,2026-07-21T08:46:14,9,https://www.nettiauto.com/porsche/macan/15861265
15554855,Porsche,Taycan,2022,39000,Diesel,63 700 €,Tornio,,,2026-07-20T15:02:01,2026-07-21T08:32:12,7,https://www.nettiauto.com/porsche/taycan/15554855
15581771,Porsche,Taycan,2020,67000,,65 900 €,,,,2026-07-20T15:05:03,2026-07-21T08:31:58,7,https://www.nettiauto.com/porsche/taycan/15581771
15771415,Renault,5,2025,26000,,28 900 €,,,,2026-07-20T11:29:54,2026-07-21T08:30:55,9,https://www.nettiauto.com/renault/5/15771415
15823192,Renault,Clio,2018,131000,Bensiini,6 300 €,Puolanka,,,2026-07-20T11:28:29,2026-07-21T08:32:58,9,https://www.nettiauto.com/renault/clio/15823192
15695734,Renault,Scenic,2026,8000,Bensiini,39 900 €,Tuusula,,,2026-07-20T11:28:32,2026-07-21T08:31:29,9,https://www.nettiauto.com/renault/scenic/15695734
15830923,Rover,75,2006,220000,Bensiini,8 600 €,Tampere,,,2026-07-20T11:28:49,2026-07-21T08:36:12,9,https://www.nettiauto.com/rover/75/15830923
15731253,Saab,9-3,2001,129000,Diesel,11 980 €,Pielavesi,,,2026-07-20T11:29:33,2026-07-21T08:31:01,9,https://www.nettiauto.com/saab/9-3/15731253
15865016,Saab,9-3,2001,227000,,3 700 €,,,,2026-07-20T11:29:39,2026-07-21T08:31:12,9,https://www.nettiauto.com/saab/9-3/15865016
15553478,Seat,Leon-Sportstourer,2021,145000,,16 400 €,,,,2026-07-20T15:00:22,2026-07-21T08:38:53,7,https://www.nettiauto.com/seat/leon-sportstourer/15553478
13713473,Simca,Chambord,,,,19 900 €,,,,2026-07-20T11:41:08,2026-07-20T11:41:08,1,https://www.nettiauto.com/simca/chambord/13713473
15870817,Skoda,Fabia,2007,405000,Sähkö,490 €,Hämeenlinna,,,2026-07-20T23:28:10,2026-07-21T08:32:46,5,https://www.nettiauto.com/skoda/fabia/15870817
15551687,Skoda,Karoq,2021,132000,Diesel,24 400 €,Varkaus,,,2026-07-20T14:59:31,2026-07-21T08:32:29,6,https://www.nettiauto.com/skoda/karoq/15551687
15668384,Skoda,Karoq,,,,19 900 €,,,,2026-07-20T11:34:32,2026-07-20T14:56:50,2,https://www.nettiauto.com/skoda/karoq/15668384
15852171,Skoda,Octavia,2010,279000,Bensiini,5 990 €,Oulu,,,2026-07-20T11:34:35,2026-07-21T08:31:38,8,https://www.nettiauto.com/skoda/octavia/15852171
15852399,Skoda,Octavia,2010,165000,,5 490 €,,,,2026-07-20T11:28:36,2026-07-21T08:40:10,9,https://www.nettiauto.com/skoda/octavia/15852399
15852426,Skoda,Octavia,2010,199000,,4 990 €,,,,2026-07-20T11:30:24,2026-07-21T08:31:35,9,https://www.nettiauto.com/skoda/octavia/15852426
15870901,Ssangyong,Actyon-Sports,2008,238000,Diesel,7 490 €,Nummela,,,2026-07-21T00:32:59,2026-07-21T08:32:43,4,https://www.nettiauto.com/ssangyong/actyon-sports/15870901
15844552,Studebaker,Dictator,1936,68000,,22 900 €,,,,2026-07-20T11:31:08,2026-07-21T08:31:04,9,https://www.nettiauto.com/studebaker/dictator/15844552
15742546,Subaru,Levorg,,,,14 880 €,,,,2026-07-20T11:22:43,2026-07-20T18:47:02,4,https://www.nettiauto.com/subaru/levorg/15742546
15742556,Subaru,Outback,,,,24 490 €,,,,2026-07-20T11:29:39,2026-07-20T22:22:54,5,https://www.nettiauto.com/subaru/outback/15742556
15872405,Tesla,Model-S,2016,350000,Bensiini,15 770 €,Karstula,,,2026-07-20T22:28:57,2026-07-21T08:34:11,4,https://www.nettiauto.com/tesla/model-s/15872405
15862504,Tesla,Model-Y,2023,98000,Diesel,30 970 €,Aura,,,2026-07-20T11:27:56,2026-07-21T08:33:26,9,https://www.nettiauto.com/tesla/model-y/15862504
15741728,Toyota,Bb,2016,103000,,13 850 €,,,,2026-07-20T11:29:05,2026-07-21T08:32:05,8,https://www.nettiauto.com/toyota/bb/15741728
15807048,Toyota,Bz4x,,,,30 990 €,,,,2026-07-20T11:22:43,2026-07-20T22:22:39,6,https://www.nettiauto.com/toyota/bz4x/15807048
15859061,Toyota,Corolla,,,,2 280 €,,,,2026-07-20T11:29:27,2026-07-20T18:46:32,4,https://www.nettiauto.com/toyota/corolla/15859061
15568874,Toyota,Hilux,2022,104000,Bensiini,38 990 €,Oy,,,2026-07-20T15:01:35,2026-07-21T08:31:31,6,https://www.nettiauto.com/toyota/hilux/15568874
15667974,Toyota,Hilux,2015,131000,Bensiini,31 490 €,Leppävirta,,,2026-07-20T11:28:20,2026-07-21T08:31:38,9,https://www.nettiauto.com/toyota/hilux/15667974
15855173,Toyota,Land-Cruiser,1986,466000,,19 000 €,,,,2026-07-20T11:34:59,2026-07-21T08:33:16,7,https://www.nettiauto.com/toyota/land-cruiser/15855173
15873680,Toyota,Proace,2017,150000,Diesel,13 000 €,Vantaa,,,2026-07-21T09:43:15,2026-07-21T09:43:15,1,https://www.nettiauto.com/toyota/proace/15873680
15566864,Toyota,Proace-Verso,2019,116000,,32 990 €,,,,2026-07-20T15:02:42,2026-07-21T08:32:39,7,https://www.nettiauto.com/toyota/proace-verso/15566864
15818836,Toyota,Verso-S,2011,240000,Diesel,6 295 €,Humppila,,,2026-07-20T11:35:48,2026-07-21T08:31:15,8,https://www.nettiauto.com/toyota/verso-s/15818836
15809802,Toyota,Yaris,,,,25 500 €,,,,2026-07-20T11:33:31,2026-07-20T14:58:09,2,https://www.nettiauto.com/toyota/yaris/15809802
15864066,Toyota,Yaris,2014,174000,,9 370 €,,,,2026-07-20T11:29:18,2026-07-21T08:37:44,9,https://www.nettiauto.com/toyota/yaris/15864066
15759114,Volkswagen,Amarok,2017,209000,Sähkö,28 980 €,Vantaa,,,2026-07-20T11:28:32,2026-07-21T08:32:32,9,https://www.nettiauto.com/volkswagen/amarok/15759114
15685010,Volkswagen,Beetle,2012,194000,Diesel,5 995 €,Seinäjoki,,,2026-07-20T11:30:16,2026-07-21T08:34:25,9,https://www.nettiauto.com/volkswagen/beetle/15685010
15549964,Volkswagen,Crafter,2022,25000,,49 900 €,,,,2026-07-20T11:28:38,2026-07-21T08:37:58,8,https://www.nettiauto.com/volkswagen/crafter/15549964
15599706,Volkswagen,Crafter,,,,99 980 €,,,,2026-07-20T11:34:23,2026-07-20T11:34:23,1,https://www.nettiauto.com/volkswagen/crafter/15599706
15615230,Volkswagen,Crafter,2020,182000,Bensiini,29 900 €,Turku,,,2026-07-20T11:29:33,2026-07-21T08:33:33,9,https://www.nettiauto.com/volkswagen/crafter/15615230
15559498,Volkswagen,Golf,2021,87000,Diesel,26 400 €,Hattula,,,2026-07-20T15:03:56,2026-07-21T08:33:39,7,https://www.nettiauto.com/volkswagen/golf/15559498
15676830,Volkswagen,Golf,2022,92000,Sähkö,27 600 €,Autoliike,,,2026-07-20T11:28:52,2026-07-21T08:32:39,9,https://www.nettiauto.com/volkswagen/golf/15676830
15691555,Volkswagen,Golf,2017,147000,,11 700 €,,,,2026-07-20T11:30:49,2026-07-21T08:30:48,9,https://www.nettiauto.com/volkswagen/golf/15691555
15852205,Volkswagen,Golf,2010,257000,,3 990 €,,,,2026-07-20T11:30:49,2026-07-21T08:30:51,9,https://www.nettiauto.com/volkswagen/golf/15852205
15867663,Volkswagen,Golf,2015,337000,Diesel,4 290 €,Tampere,,,2026-07-20T11:39:16,2026-07-21T08:31:31,8,https://www.nettiauto.com/volkswagen/golf/15867663
15873291,Volkswagen,Golf,2010,215000,Bensiini,4 770 €,Loimaa,,,2026-07-20T17:54:08,2026-07-21T08:36:51,6,https://www.nettiauto.com/volkswagen/golf/15873291
15721136,Volkswagen,Kupla,1972,66000,Sähkö,4 600 €,Kotka,,,2026-07-20T11:34:05,2026-07-21T08:31:18,8,https://www.nettiauto.com/volkswagen/kupla/15721136
15828083,Volkswagen,Kupla,1967,1000,Diesel,8 600 €,Seinäjoki,,,2026-07-20T11:31:01,2026-07-21T08:32:43,9,https://www.nettiauto.com/volkswagen/kupla/15828083
15859863,Volkswagen,Lt,,,,7 300 €,,,,2026-07-20T11:28:49,2026-07-20T18:50:42,4,https://www.nettiauto.com/volkswagen/lt/15859863
15641572,Volkswagen,Passat,,,,23 990 €,,,,2026-07-20T11:35:59,2026-07-20T14:58:54,2,https://www.nettiauto.com/volkswagen/passat/15641572
15674548,Volkswagen,Passat,,,,34 790 €,,,,2026-07-20T11:28:20,2026-07-20T15:01:32,3,https://www.nettiauto.com/volkswagen/passat/15674548
15868738,Volkswagen,Passat,2013,286000,Diesel,6 970 €,Äänekoski,,,2026-07-20T11:30:27,2026-07-21T08:31:35,8,https://www.nettiauto.com/volkswagen/passat/15868738
15872051,Volkswagen,Passat,2015,271000,Diesel,8 900 €,Jyväskylä,,,2026-07-20T13:30:24,2026-07-21T08:31:58,8,https://www.nettiauto.com/volkswagen/passat/15872051
15555731,Volkswagen,Tiguan,,,,16 780 €,,,,2026-07-20T11:33:55,2026-07-20T14:58:23,2,https://www.nettiauto.com/volkswagen/tiguan/15555731
15558597,Volkswagen,Tiguan,2017,166000,,19 390 €,,,,2026-07-20T15:10:23,2026-07-21T08:35:17,6,https://www.nettiauto.com/volkswagen/tiguan/15558597
15732394,Volkswagen,Tiguan,,,,27 700 €,,,,2026-07-20T11:35:45,2026-07-20T14:57:46,2,https://www.nettiauto.com/volkswagen/tiguan/15732394
15588554,Volkswagen,Tiguan-Allspace,,,,21 990 €,,,,2026-07-20T11:28:10,2026-07-20T14:59:48,3,https://www.nettiauto.com/volkswagen/tiguan-allspace/15588554
15528138,Volkswagen,Touareg,2013,212000,,18 490 €,,,,2026-07-20T14:59:58,2026-07-21T08:32:09,7,https://www.nettiauto.com/volkswagen/touareg/15528138
15758623,Volkswagen,Touran,2011,269000,Hybridi (bensiini/sähkö),3 990 €,Oy,,,2026-07-20T11:34:02,2026-07-21T08:34:18,7,https://www.nettiauto.com/volkswagen/touran/15758623
15610688,Volkswagen,Transporter,2023,63000,,39 900 €,,,,2026-07-20T11:29:21,2026-07-21T08:31:01,9,https://www.nettiauto.com/volkswagen/transporter/15610688
15625841,Volkswagen,Transporter,2017,121000,Bensiini,30 900 €,Lahti,,,2026-07-20T11:35:30,2026-07-21T08:37:48,8,https://www.nettiauto.com/volkswagen/transporter/15625841
15841923,Volvo,360,1990,283000,Bensiini,6 000 €,Seinäjoki,,,2026-07-21T00:12:33,2026-07-21T08:44:11,4,https://www.nettiauto.com/volvo/360/15841923
15513492,Volvo,Ex30,2026,100,,36 700 €,,,,2026-07-20T11:33:22,2026-07-21T08:31:18,8,https://www.nettiauto.com/volvo/ex30/15513492
15452474,Volvo,Ex30-Cross-Country,2025,5000,,42 800 €,,,,2026-07-20T11:28:13,2026-07-21T08:31:15,9,https://www.nettiauto.com/volvo/ex30-cross-country/15452474
15231052,Volvo,Ex40,2026,2000,Diesel,44 700 €,Turku,,,2026-07-20T11:22:39,2026-07-21T08:30:58,9,https://www.nettiauto.com/volvo/ex40/15231052
15392726,Volvo,Ex40,2026,14000,,48 800 €,,,,2026-07-20T11:37:31,2026-07-21T08:31:25,7,https://www.nettiauto.com/volvo/ex40/15392726
15624159,Volvo,Fll,2009,152000,Bensiini,29 900 €,Ylivieska,,,2026-07-20T11:30:16,2026-07-21T08:31:15,9,https://www.nettiauto.com/volvo/fll/15624159
15852237,Volvo,S40,2005,249000,Diesel,3 990 €,Joensuu,,,2026-07-20T11:27:59,2026-07-21T08:31:08,9,https://www.nettiauto.com/volvo/s40/15852237
15852317,Volvo,S40,2006,237000,,4 490 €,,,,2026-07-20T11:30:01,2026-07-21T08:36:42,9,https://www.nettiauto.com/volvo/s40/15852317
15856006,Volvo,S40,,,,3 900 €,,,,2026-07-20T11:30:57,2026-07-20T14:56:46,3,https://www.nettiauto.com/volvo/s40/15856006
15393592,Volvo,S60,2022,41000,Hybridi (bensiini/sähkö),34 800 €,Vantaa,,,2026-07-20T11:37:13,2026-07-21T08:31:52,8,https://www.nettiauto.com/volvo/s60/15393592
15434536,Volvo,S60,2023,54000,Sähkö,34 800 €,Oy,,,2026-07-20T11:41:37,2026-07-21T08:32:51,7,https://www.nettiauto.com/volvo/s60/15434536
15527281,Volvo,S60,2023,53000,,35 600 €,,,,2026-07-20T11:30:01,2026-07-21T08:30:45,9,https://www.nettiauto.com/volvo/s60/15527281
15538730,Volvo,S60,2023,59000,Bensiini,35 800 €,Mikkeli,,,2026-07-20T11:35:03,2026-07-21T08:32:46,8,https://www.nettiauto.com/volvo/s60/15538730
15815979,Volvo,S80,2007,297000,Sähkö,5 290 €,Tampere,,,2026-07-20T15:41:51,2026-07-21T08:33:26,7,https://www.nettiauto.com/volvo/s80/15815979
15549063,Volvo,V40,,,,7 900 €,,,,2026-07-20T11:30:20,2026-07-20T14:58:54,3,https://www.nettiauto.com/volvo/v40/15549063
15870575,Volvo,V50,2011,356000,,4 300 €,,,,2026-07-20T16:28:05,2026-07-21T08:30:55,7,https://www.nettiauto.com/volvo/v50/15870575
15021170,Volvo,V60,2025,8000,Diesel,48 800 €,Oy,,,2026-07-20T11:31:01,2026-07-21T08:34:11,9,https://www.nettiauto.com/volvo/v60/15021170
15383835,Volvo,V60,2025,9000,Diesel,46 800 €,Kirkkonummi,,,2026-07-20T11:30:35,2026-07-21T08:35:20,9,https://www.nettiauto.com/volvo/v60/15383835
15448203,Volvo,V60,2023,23000,,38 900 €,,,,2026-07-20T11:28:06,2026-07-21T08:32:46,9,https://www.nettiauto.com/volvo/v60/15448203
15496781,Volvo,V60,2023,29000,,36 800 €,,,,2026-07-20T11:31:25,2026-07-21T08:33:52,9,https://www.nettiauto.com/volvo/v60/15496781
15572626,Volvo,V60,2023,95000,Sähkö,34 400 €,Vantaa,,,2026-07-20T11:32:55,2026-07-21T08:30:58,7,https://www.nettiauto.com/volvo/v60/15572626
15630729,Volvo,V60,2024,48000,Bensiini,39 900 €,Helsinki,,,2026-07-20T11:29:30,2026-07-21T08:33:05,9,https://www.nettiauto.com/volvo/v60/15630729
15859278,Volvo,V60,,,,8 290 €,,,,2026-07-20T11:28:20,2026-07-20T11:33:52,2,https://www.nettiauto.com/volvo/v60/15859278
15806192,Volvo,V70,2008,363000,,3 800 €,,,,2026-07-20T19:32:46,2026-07-21T08:30:42,6,https://www.nettiauto.com/volvo/v70/15806192
15546621,Volvo,V90,2019,196000,,24 500 €,,,,2026-07-21T08:32:29,2026-07-21T08:32:29,1,https://www.nettiauto.com/volvo/v90/15546621
15617544,Volvo,V90,2024,51000,Diesel,42 300 €,Harjavalta,,,2026-07-20T11:29:11,2026-07-21T08:35:10,9,https://www.nettiauto.com/volvo/v90/15617544
15621135,Volvo,V90,2020,92000,Bensiini,23 000 €,Tampere,,,2026-07-20T11:33:45,2026-07-21T08:38:39,7,https://www.nettiauto.com/volvo/v90/15621135
15625848,Volvo,V90,2024,52000,Sähkö,42 600 €,Wh,,,2026-07-20T11:28:45,2026-07-21T08:32:35,9,https://www.nettiauto.com/volvo/v90/15625848
15873151,Volvo,Xc40,2021,105000,,26 970 €,,,,2026-07-20T22:31:47,2026-07-21T08:41:29,5,https://www.nettiauto.com/volvo/xc40/15873151
15348225,Volvo,Xc60,2023,40000,,40 400 €,,,,2026-07-20T11:33:31,2026-07-21T08:31:38,7,https://www.nettiauto.com/volvo/xc60/15348225
15397842,Volvo,Xc60,2026,18000,Bensiini,58 800 €,Lempäälä,,,2026-07-20T11:29:30,2026-07-21T08:33:49,9,https://www.nettiauto.com/volvo/xc60/15397842
15623457,Volvo,Xc60,2023,74000,Hybridi (bensiini/sähkö),39 900 €,Helsinki,,,2026-07-20T11:34:16,2026-07-21T08:30:58,8,https://www.nettiauto.com/volvo/xc60/15623457
15865771,Volvo,Xc60,2019,239000,Bensiini,19 750 €,Lempäälä,,,2026-07-20T11:29:46,2026-07-21T08:31:12,9,https://www.nettiauto.com/volvo/xc60/15865771
15726201,Volvo,Xc90,2024,59000,Sähkö,62 900 €,Tuusula,,,2026-07-20T11:30:41,2026-07-21T08:31:08,9,https://www.nettiauto.com/volvo/xc90/15726201
15868570,Volvo,Xc90,2021,160000,Diesel,37 770 €,Kuopio,,,2026-07-20T11:34:20,2026-07-21T08:30:45,8,https://www.nettiauto.com/volvo/xc90/15868570
